StringID,Type,x_normalized,y_normalized
D0,d,0.38095238095238093,0.32989690721649484
S0,f,0.38095238095238093,0.32989690721649484
S1,f,0.6285714285714286,0.35051546391752575
S2,f,0.7523809523809524,0.3711340206185567
S3,f,0.49523809523809526,0.5567010309278351
S4,f,0.5904761904761905,0.6391752577319587
S5,f,0.3238095238095238,0.5773195876288659
S6,f,0.37142857142857144,0.7010309278350515
S7,f,0.2571428571428571,0.5670103092783505
S8,f,0.11428571428571428,0.5979381443298969
S9,f,0.21904761904761905,0.3917525773195876
S10,f,0.09523809523809523,0.3711340206185567
S11,f,0.18095238095238095,0.17525773195876287
S12,f,0.047619047619047616,0.23711340206185566
S13,f,0.2761904761904762,0.2268041237113402
S14,f,0.29523809523809524,0.030927835051546393
S15,f,0.37142857142857144,0.17525773195876287
S16,f,0.4380952380952381,0.020618556701030927
S17,f,0.5238095238095238,0.061855670103092786
S18,f,0.6285714285714286,0.1134020618556701
S19,f,0.638095238095238,0.18556701030927836
S20,f,0.7523809523809524,0.27835051546391754
C17,c,0.09523809523809523,0.27835051546391754
C64,c,0.19047619047619047,0.7628865979381443
C67,c,0.6857142857142857,0.020618556701030927
C36,c,0.06666666666666667,0.5876288659793815
C90,c,0.34285714285714286,0.6597938144329897
C34,c,0.6666666666666666,0.5360824742268041
C98,c,0.22857142857142856,0.18556701030927836
C46,c,0.06666666666666667,0.4639175257731959
C50,c,0.49523809523809526,0.4536082474226804
C58,c,0.3904761904761905,0.23711340206185566
C60,c,0.20952380952380953,0.31958762886597936
C63,c,0.3047619047619048,0.6804123711340206
C16,c,0.14285714285714285,0.17525773195876287
C43,c,0.26666666666666666,0.0
C81,c,0.5714285714285714,0.5257731958762887
C32,c,0.38095238095238093,0.6804123711340206
C6,c,0.2857142857142857,0.27835051546391754
C25,c,0.6666666666666666,0.17525773195876287
C15,c,0.3333333333333333,0.020618556701030927
C18,c,0.23809523809523808,0.38144329896907214
C35,c,0.6476190476190476,0.6391752577319587
C85,c,0.2,0.1958762886597938
C93,c,0.21904761904761905,0.21649484536082475
C91,c,0.19047619047619047,0.16494845360824742
C57,c,0.3523809523809524,0.09278350515463918
C94,c,0.29523809523809524,0.24742268041237114
C49,c,0.10476190476190476,0.6701030927835051
C29,c,0.6571428571428571,0.4020618556701031
C4,c,0.5714285714285714,0.17525773195876287
C38,c,0.09523809523809523,0.020618556701030927
C77,c,0.5523809523809524,0.41237113402061853
C31,c,0.34285714285714286,0.5051546391752577
C99,c,0.23809523809523808,0.23711340206185566
C1,c,0.4380952380952381,0.4742268041237113
C83,c,0.18095238095238095,0.35051546391752575
C80,c,0.580952380952381,0.35051546391752575
C45,c,0.10476190476190476,0.36082474226804123
C27,c,0.38095238095238093,0.38144329896907214
C11,c,0.23809523809523808,0.6391752577319587
C26,c,0.47619047619047616,0.27835051546391754
C68,c,0.580952380952381,0.3711340206185567
C23,c,0.5714285714285714,0.020618556701030927
C8,c,0.14285714285714285,0.41237113402061853
C3,c,0.5714285714285714,0.4329896907216495
C22,c,0.47619047619047616,0.07216494845360824
C86,c,0.08571428571428572,0.15463917525773196
C61,c,0.1619047619047619,0.21649484536082475
C48,c,0.17142857142857143,0.5051546391752577
C73,c,0.4666666666666667,0.14432989690721648
C14,c,0.19047619047619047,0.07216494845360824
